{"cameraMode":{"drawMode":0,"name":"Shaded","section":"Shading Mode"},"sceneLighting":true,"audioPlay":false,"sceneViewState":{"m_AlwaysRefresh":false,"showFog":true,"showSkybox":true,"showFlares":true,"showImageEffects":true,"showParticleSystems":true,"showVisualEffectGraphs":true,"m_FxEnabled":false},"in2DMode":false,"pivot":{"x":-0.6708226203918457,"y":1.1830896139144898,"z":0.22969436645507813},"rotation":{"x":-0.05846148729324341,"y":0.014067417941987515,"z":-0.0008263855706900358,"w":-0.998201847076416},"size":4.699751377105713,"orthographic":true}