{"cameraMode":{"drawMode":0,"name":"Shaded","section":"Shading Mode"},"sceneLighting":true,"audioPlay":false,"sceneViewState":{"m_AlwaysRefresh":false,"showFog":true,"showSkybox":true,"showFlares":true,"showImageEffects":true,"showParticleSystems":true,"showVisualEffectGraphs":true,"m_FxEnabled":false},"in2DMode":false,"pivot":{"x":-1.58836030960083,"y":-0.08934986591339112,"z":0.06482124328613281},"rotation":{"x":-0.05846148729324341,"y":0.014067417941987515,"z":-0.0008263855706900358,"w":-0.998201847076416},"size":5.593191623687744,"orthographic":true}