{"cameraMode":{"drawMode":0,"name":"Shaded","section":"Shading Mode"},"sceneLighting":true,"audioPlay":false,"sceneViewState":{"m_AlwaysRefresh":false,"showFog":true,"showSkybox":true,"showFlares":true,"showImageEffects":true,"showParticleSystems":true,"showVisualEffectGraphs":true,"m_FxEnabled":false},"in2DMode":false,"pivot":{"x":1080.989501953125,"y":270.5718078613281,"z":-116.2755126953125},"rotation":{"x":-0.008960549719631672,"y":-0.09376785159111023,"z":0.000841561472043395,"w":-0.9955628514289856},"size":307.9974365234375,"orthographic":true}